nums_length_username,description_length,external_URL,private,num_posts,num_followers,num_follows,fake
0.037,71,1,1,161,2777,612,0
0.81,4,0,0,21,144,1909,1
0.007,52,1,0,146,1121,405,0
0.064,50,1,0,9,855,191,0
0.145,75,0,0,294,541,606,0
0.832,14,0,0,10,1,757,1
0.175,64,1,1,154,2526,263,0
0.08,95,1,1,113,206,690,0
0.084,32,0,0,229,89,189,0
0.44,0,0,1,2,24,964,1
0.19,63,1,0,248,292,390,0
0.123,63,0,1,266,4590,86,0
0.035,51,0,0,86,2400,684,0
0.139,38,0,1,79,140,871,0
0.648,1,1,0,0,109,1968,1
0.191,55,1,1,183,309,240,0
0.524,4,0,0,0,12,1241,1
0.811,10,0,0,8,21,1611,1
0.707,12,0,1,7,53,1910,1
0.139,60,1,1,85,829,325,0
0.746,2,1,1,3,0,1083,1
0.057,53,1,0,154,1062,832,0
0.768,1,0,0,16,20,1803,1
0.362,41,0,0,1,61,1593,1
0.34,13,0,0,0,102,1220,1
0.755,0,0,0,3,73,1688,1
0.71,8,0,1,2,30,1720,1
0.716,3,0,0,5,15,1248,1
0.871,2,0,1,2,50,737,1
0.89,7,1,0,1,1,1154,1
0.13,69,0,1,115,604,353,0
0.155,61,1,1,194,541,541,0
0.778,9,0,0,5,28,1479,1
0.339,13,0,1,1,30,784,1
0.307,1,0,0,4,17,1892,1
0.156,58,0,0,123,220,880,0
0.721,12,0,0,3,4,1488,1
0.07,29,0,1,121,171,514,0
0.033,55,1,0,70,6111,471,0
0.174,67,0,1,213,2910,439,0
0.09,58,1,0,368,85,294,0
0.158,49,0,1,364,427,424,0
0.42,17,0,0,1,31,1699,1
0.746,8,0,0,21,2,1823,1
0.82,12,0,1,3,103,1413,1
0.466,13,1,0,4,49,1941,1
0.74,2,0,1,0,13,1487,1
0.049,73,1,0,0,574,168,0
0.535,52,0,0,1,74,1659,1
0.379,52,0,0,0,9,452,1
0.166,55,0,0,300,1444,330,0
0.322,19,0,0,9,81,1325,1
0.117,43,0,0,187,433,262,0
0.862,0,0,0,13,19,1205,1
0.03,50,1,1,241,678,599,0
0.593,16,0,0,1,60,51,1
0.421,16,1,0,5,29,1404,1
0.139,54,1,1,146,8144,592,0
0.114,56,0,1,260,2393,527,0
0.079,27,1,0,250,276,468,0
0.148,78,1,0,268,63,519,0
0.16,64,0,1,162,86,144,0
0.139,17,0,0,86,55,728,0
0.124,70,0,0,155,2184,309,0
0.068,49,0,0,252,15671,676,0
0.788,18,1,0,1,0,1781,1
0.688,34,0,1,0,136,1123,1
0.097,44,0,0,247,159,17,0
0.666,18,0,0,0,9,1698,1
0.709,3,0,1,0,41,2198,1
0.63,0,0,1,4,85,1462,1
0.831,3,0,0,2,91,1362,1
0.047,65,1,0,120,2621,265,0
0.674,9,0,0,6,99,1639,1
0.043,74,0,0,312,3601,62,0
0.598,66,0,0,2,27,1988,1
0.895,2,0,1,4,16,2052,1
0.348,1,1,0,1,12,1206,1
0.104,46,0,1,173,39,466,0
0.62,5,0,0,25,54,1916,1
0.112,44,0,1,322,91,525,0
0.621,1,0,1,2,54,1233,1
0.03,21,1,1,271,498,863,0
0.353,21,0,1,7,61,1696,1
0.007,28,0,0,61,459,541,0
0.061,27,1,1,0,399,567,0
0.895,28,0,1,0,85,1959,1
0.174,44,1,1,99,283,162,0
0.717,6,1,0,8,7,1323,1
0.817,38,0,0,7,9,237,1
0.388,6,0,0,0,164,1531,1
0.63,50,0,0,3,28,1641,1
0.43,14,0,0,0,75,1103,1
0.576,0,1,0,5,205,1218,1
0.373,5,0,0,0,35,1294,1
0.898,25,0,0,4,37,978,1
0.832,8,0,0,2,87,1395,1
0.74,21,0,0,3,0,1931,1
0.382,11,0,0,1,186,1101,1
0.16,49,0,1,207,2428,368,0
0.02,26,0,1,145,12,311,0
0.537,9,0,1,15,77,2071,1
0.563,4,1,0,11,30,939,1
0.682,16,1,0,4,3,904,1
0.742,10,0,0,0,62,1531,1
0.343,1,0,1,6,21,1009,1
0.765,16,0,0,0,53,836,1
0.759,4,0,0,17,17,1803,1
0.529,3,0,0,7,51,2155,1
0.106,37,1,1,242,3994,501,0
0.787,16,0,0,13,12,977,1
0.088,10,1,1,101,245,442,0
0.687,5,1,1,9,125,1417,1
0.451,21,0,1,6,74,980,1
0.109,60,1,1,189,151,294,0
0.604,27,0,0,4,35,1793,1
0.06,86,1,1,212,158,495,0
0.577,0,0,1,24,5,2143,1
0.422,12,0,0,1,21,1288,1
0.157,47,1,0,151,124,529,0
0.875,6,0,0,1,104,2363,1
0.177,42,0,0,318,130,633,0
0.356,13,0,0,0,43,1213,1
0.112,91,1,1,270,1296,289,0
0.1,72,1,1,85,6,560,0
0.388,5,0,0,1,45,1594,1
0.553,15,0,0,2,91,1788,1
0.077,87,0,0,304,498,46,0
0.479,42,0,0,10,92,1756,1
0.575,9,0,0,6,34,1233,1
0.562,19,0,0,4,7,1883,1
0.191,74,0,0,52,105,471,0
0.05,45,0,1,299,268,395,0
0.007,35,0,1,160,73,47,0
0.18,29,0,1,156,874,87,0
0.146,39,1,0,38,944,133,0
0.194,98,1,0,76,119,440,0
0.105,72,0,1,120,506,475,0
0.016,86,0,0,193,1565,0,0
0.13,29,0,0,289,439,270,0
0.772,3,0,0,2,70,1470,1
0.104,56,1,1,124,260,87,0
0.891,22,0,0,3,119,1409,1
0.363,16,1,0,7,166,3096,1
0.422,11,0,1,4,50,1276,1
0.183,75,0,0,248,1079,566,0
0.181,41,0,1,116,220,208,0
0.088,58,1,0,169,579,504,0
0.084,50,1,1,43,766,362,0
0.397,0,0,0,6,110,1992,1
0.016,33,1,1,209,6074,470,0
0.063,76,0,0,138,2822,395,0
0.067,60,1,0,66,172,317,0
0.07,82,1,1,117,1803,313,0
0.094,50,0,1,163,2421,175,0
0.342,2,1,0,9,16,2187,1
0.103,70,0,0,201,528,470,0
0.773,16,0,1,5,41,1744,1
0.022,15,1,1,0,589,387,0
0.366,8,0,1,12,16,1282,1
0.182,65,1,1,56,2056,292,0
0.175,66,0,1,58,463,22,0
0.659,5,0,1,0,116,1351,1
0.811,16,0,1,1,4,1867,1
0.321,13,1,1,3,3,1175,1
0.166,31,0,1,173,1742,500,0
0.827,12,0,0,1,28,1755,1
0.179,77,0,1,272,5565,197,0
0.102,65,0,0,367,309,424,0
0.746,10,0,0,1,22,1775,1
0.583,0,0,0,17,20,796,1
0.122,48,0,0,129,407,616,0
0.114,38,0,0,133,1104,442,0
0.368,6,0,1,3,60,1124,1
0.896,2,0,0,2,26,1633,1
0.665,5,1,1,8,0,1754,1
0.127,52,1,0,88,115,0,0
0.074,45,1,0,51,287,269,0
0.188,74,0,1,265,550,551,0
0.175,37,1,0,186,72,421,0
0.002,16,0,1,85,21,546,0
0.146,69,1,0,192,67,583,0
0.484,23,0,1,8,97,1432,1
0.064,66,0,0,308,1299,202,0
0.033,79,0,0,119,1299,662,0
0.068,77,0,0,261,68,74,0
0.431,66,0,0,0,33,2136,1
0.006,60,0,0,150,353,325,0
0.032,13,1,0,114,350,445,0
0.833,13,1,1,1,162,730,1
0.068,20,0,0,323,11463,527,0
0.088,60,0,0,23,110,412,0
0.069,59,0,0,357,101,0,0
0.199,44,1,1,346,2188,310,0
0.008,24,0,1,175,813,617,0
0.378,23,0,1,1,104,1548,1
0.866,2,0,1,3,99,613,1
0.471,3,0,0,3,33,2130,1
0.115,73,1,1,116,2318,359,0
0.179,61,1,1,0,392,322,0
0.138,69,0,0,260,2248,293,0
0.467,3,1,0,30,56,1232,1
0.003,67,1,1,85,771,560,0
0.132,65,1,1,73,554,235,0
0.545,7,0,0,0,82,1487,1
0.19,12,0,1,171,1084,587,0
0.33,1,0,0,1,16,1914,1
0.493,9,0,0,19,46,1403,1
0.515,15,0,1,3,29,2400,1
0.014,74,1,0,234,933,447,0
0.104,77,0,1,147,28,261,0
0.126,41,0,1,87,412,591,0
0.013,29,1,0,232,109,268,0
0.072,43,0,1,252,149,368,0
0.182,68,0,1,176,168,0,0
0.127,47,1,0,202,118,438,0
0.757,45,0,0,0,76,1534,1
0.129,47,1,1,104,46,0,0
0.425,6,0,0,7,26,1663,1
0.042,56,1,0,122,697,594,0
0.059,82,0,1,63,2182,162,0
0.143,82,0,1,62,48,51,0
0.801,0,0,0,0,6,1559,1
0.548,10,0,0,4,0,1769,1
0.611,16,0,1,7,36,1479,1
0.886,2,0,1,8,6,1990,1
0.104,35,0,0,166,435,434,0
0.768,9,0,0,0,12,1621,1
0.049,83,0,0,139,902,410,0
0.015,24,0,0,88,2758,511,0
0.647,2,1,0,2,56,1094,1
0.85,5,0,1,6,3,871,1
0.388,0,0,0,0,158,696,1
0.6,17,0,0,8,30,1592,1
0.628,8,0,0,2,11,1285,1
0.876,3,1,1,6,198,1794,1
0.642,4,0,0,0,48,1712,1
0.754,2,0,1,1,51,1509,1
0.133,54,1,0,29,1020,358,0
0.437,15,0,0,9,65,1423,1
0.318,9,0,0,1,25,1063,1
0.184,37,0,1,282,24,601,0
0.773,4,0,0,5,13,1507,1
0.044,30,0,0,171,303,91,0
0.116,89,0,1,60,54,362,0
0.768,9,0,0,4,10,1960,1
0.066,42,0,0,194,410,541,0
0.082,58,0,1,190,1119,638,0
0.03,52,0,0,255,1136,0,0
0.011,28,0,0,41,1117,170,0
0.745,28,0,0,1,62,1267,1
0.074,59,1,1,295,30,280,0
0.627,18,0,1,4,152,1614,1
0.008,63,0,1,0,226,450,0
0.103,3,1,1,165,2044,599,0
0.092,54,1,1,199,1419,276,0
0.039,24,1,1,27,1973,587,0
0.637,44,0,0,0,77,1143,1
0.315,27,0,1,17,28,2222,1
0.047,67,0,1,207,407,267,0
0.144,45,1,1,176,90,344,0
0.819,2,0,0,10,55,1175,1
0.125,65,0,1,113,500,44,0
0.061,58,0,1,271,109,262,0
0.157,46,0,0,38,2575,368,0
0.867,15,0,0,1,27,1225,1
0.751,1,0,0,2,196,1516,1
0.408,52,0,0,6,60,1120,1
0.085,27,0,0,0,29,374,0
0.057,54,1,0,156,177,345,0
0.659,14,0,0,0,167,1905,1
0.724,14,0,0,4,100,925,1
0.868,1,0,1,6,107,1695,1
0.721,17,0,0,4,14,836,1
0.09,47,1,0,199,110,371,0
0.749,36,0,0,2,64,1507,1
0.123,48,1,0,99,598,458,0
0.743,0,0,0,1,14,1382,1
0.013,84,1,1,119,743,490,0
0.794,40,0,0,4,67,1577,1
0.341,6,1,0,3,15,2355,1
0.521,33,0,1,3,49,1915,1
0.557,8,0,1,0,87,991,1
0.058,42,0,1,145,395,262,0
0.856,1,0,0,5,15,1360,1
0.014,44,0,1,163,516,261,0
0.058,56,0,0,444,2609,129,0
0.166,23,1,0,35,52,541,0
0.175,50,0,0,167,35521,473,0
0.706,27,1,1,2,47,1343,1
0.032,30,1,0,203,477,748,0
0.032,35,0,0,24,15368,486,0
0.049,47,0,0,90,477,489,0
0.634,8,0,0,5,60,1500,1
0.547,30,0,0,0,46,851,1
0.37,6,0,0,1,24,1433,1
0.605,8,0,1,0,32,1588,1
0.112,79,0,0,249,614,751,0
0.167,57,0,0,183,281,686,0
0.41,28,1,0,0,24,1362,1
0.108,68,1,0,89,553,640,0
0.087,40,1,1,42,143,149,0
0.014,20,0,0,239,2730,530,0
0.59,0,1,1,3,3,931,1
0.76,13,0,1,8,36,1704,1
0.124,32,1,0,165,338,471,0
0.755,13,0,1,4,50,1608,1
0.394,9,0,0,1,18,1120,1
0.555,35,0,0,0,59,1156,1
0.53,25,0,1,1,58,1549,1
0.682,5,0,0,5,12,1473,1
0.119,66,1,1,26,141,516,0
0.353,18,0,0,0,15,1674,1
0.008,18,1,0,217,260,306,0
0.115,62,0,0,225,1011,196,0
0.313,6,0,0,1,53,1377,1
0.046,76,0,1,212,2012,804,0
0.125,54,0,1,254,238,712,0
0.141,22,0,1,94,295,512,0
0.617,3,1,1,5,81,1845,1
0.332,9,0,0,2,142,2298,1
0.033,89,1,1,150,132,302,0
0.682,13,0,1,3,55,1332,1
0.311,22,0,0,9,81,1671,1
0.877,11,0,0,0,42,1693,1
0.65,13,0,0,0,27,1397,1
0.017,68,1,1,176,767,331,0
0.177,62,0,1,69,589,564,0
0.884,9,1,0,2,3,1397,1
0.343,3,0,0,1,5,1126,1
0.033,15,1,0,103,88,247,0
0.026,34,1,0,20,984,288,0
0.388,6,1,0,0,33,1786,1
0.161,14,0,1,33,414,114,0
0.593,1,0,0,8,2,1890,1
0.551,9,0,0,5,75,1292,1
0.108,66,1,1,122,1433,390,0
0.148,21,0,0,107,1907,345,0
0.497,9,0,0,1,151,2027,1
0.405,12,0,0,5,13,451,1
0.132,67,0,1,91,114,278,0
0.795,5,1,1,4,7,1230,1
0.075,39,0,1,269,736,493,0
0.405,16,0,0,10,14,1648,1
0.125,57,1,0,0,167,393,0
0.184,31,0,0,84,134,386,0
0.093,67,1,0,0,190,294,0
0.797,2,0,0,2,35,2194,1
0.669,36,0,0,0,1,457,1
0.168,84,0,0,0,256,449,0
0.469,2,0,1,2,69,1053,1
0.025,35,1,1,225,310,533,0
0.013,80,0,0,163,861,439,0
0.459,14,0,0,9,147,1665,1
0.466,4,1,0,6,61,1766,1
0.125,37,0,0,127,1798,306,0
0.861,3,0,1,0,4,1662,1
0.39,51,0,0,1,31,926,1
0.132,66,0,1,231,943,539,0
0.011,31,0,1,324,2215,178,0
0.463,3,0,0,2,88,1676,1
0.106,38,0,0,228,35,158,0
0.023,45,0,1,276,113,508,0
0.793,12,0,1,2,19,1599,1
0.002,59,0,1,200,86,380,0
0.196,80,0,1,210,96,415,0
0.404,12,0,1,8,205,546,1
0.33,0,0,0,1,47,1069,1
0.051,12,1,1,252,15,334,0
0.073,38,0,0,253,41,0,0
0.805,3,0,1,8,24,565,1
0.86,1,1,0,3,1,1305,1
0.585,7,0,0,17,41,1328,1
0.551,1,0,1,5,3,1585,1
0.071,6,1,1,264,38,675,0
0.453,1,0,0,5,53,1417,1
0.409,2,1,0,2,9,1160,1
0.176,19,0,1,182,565,538,0
0.678,7,0,0,5,27,1887,1
0.029,61,1,1,126,2314,546,0
0.451,27,0,0,1,42,1393,1
0.495,0,0,0,19,168,2253,1
0.507,16,1,1,2,76,1153,1
0.053,82,1,0,257,57,514,0
0.061,5,0,0,276,3805,304,0
0.839,1,0,0,0,54,933,1
0.047,56,0,1,199,235,372,0
0.01,64,0,1,114,356,363,0
0.157,50,0,0,0,3798,408,0
0.055,58,1,0,125,1299,273,0
0.085,51,1,1,79,138,377,0
0.067,32,1,0,217,126,397,0
0.565,6,0,0,0,42,1171,1
0.783,21,0,0,1,22,2349,1
0.011,32,0,0,55,1004,136,0
0.832,33,0,0,2,13,1888,1
0.703,26,0,1,2,8,1109,1
0.703,4,0,1,0,222,2165,1
0.886,23,0,0,10,17,2640,1
0.082,37,0,0,264,552,585,0
0.634,22,0,1,0,110,1771,1
0.895,5,0,1,1,100,1273,1
0.135,67,0,1,223,5841,68,0
0.154,39,0,1,211,56,238,0
0.336,2,0,1,0,66,1854,1
0.505,9,1,0,3,0,1407,1
0.317,14,0,0,0,17,1339,1
0.698,50,0,1,4,41,1113,1
0.354,13,0,1,2,7,1500,1
0.729,5,0,0,11,78,2091,1
0.189,73,0,0,61,138,637,0
0.656,0,0,0,5,40,2218,1
0.506,2,0,1,12,52,1392,1
0.146,32,1,0,20,129,404,0
0.17,43,1,1,63,422,0,0
0.121,67,0,0,121,159,393,0
0.106,55,1,1,277,669,158,0
0.542,16,0,0,0,50,962,1
0.377,12,0,1,7,103,2380,1
0.672,3,0,0,2,47,1499,1
0.81,3,0,1,0,32,2060,1
0.352,0,0,0,3,13,2660,1
0.683,25,0,0,5,14,1956,1
0.18,19,1,1,69,3131,296,0
0.414,18,0,0,12,1,2582,1
0.063,29,1,0,273,263,718,0
0.082,54,1,0,52,307,301,0
0.604,2,0,1,3,21,1036,1
0.177,45,0,0,79,7554,294,0
0.788,42,0,1,0,32,1588,1
0.12,14,0,0,299,75,328,0
0.741,3,0,0,4,102,576,1
0.161,68,0,0,236,497,84,0
0.386,2,0,0,0,140,1098,1
0.753,13,1,0,3,49,1745,1
0.466,42,0,1,17,9,1784,1
0.733,0,0,0,4,137,1388,1
0.786,45,0,1,0,84,2523,1
0.056,46,1,0,43,491,282,0
0.18,24,0,0,96,764,483,0
0.118,72,0,1,94,2595,514,0
0.659,8,1,0,4,12,2051,1
0.037,88,0,1,164,4371,539,0
0.348,8,0,0,1,24,929,1
0.331,7,0,0,2,91,1509,1
0.012,26,0,1,251,526,509,0
0.01,51,0,0,167,54,317,0
0.868,27,0,0,0,6,1565,1
0.025,17,0,1,161,651,426,0
0.386,7,0,0,0,55,943,1
0.594,8,0,0,0,5,2385,1
0.874,13,0,0,2,13,1810,1
0.628,9,1,0,1,21,2020,1
0.769,73,0,1,8,12,736,1
0.196,15,0,1,272,108,742,0
0.167,15,1,1,165,232,349,0
0.629,7,0,1,0,56,965,1
0.538,2,0,1,10,118,2184,1
0.097,26,0,0,299,6545,379,0
0.111,25,0,0,270,158,75,0
0.717,12,0,1,4,33,1716,1
0.027,39,0,1,0,25,393,0
0.741,0,0,1,0,31,1616,1
0.11,34,0,1,146,434,587,0
0.658,24,0,1,12,42,1592,1
0.036,33,0,0,86,9770,666,0
0.556,14,0,0,0,36,1152,1
0.08,31,1,0,283,2377,378,0
0.113,69,1,1,52,1827,467,0
0.454,3,0,1,3,56,1386,1
0.048,65,0,0,228,934,437,0
0.482,22,0,0,16,25,1690,1
0.146,33,0,0,0,432,779,0
0.747,3,0,0,1,76,1026,1
0.182,76,1,1,80,42,168,0
0.337,9,0,0,1,82,1311,1
0.172,64,1,1,194,116,429,0
0.499,10,0,0,0,18,1682,1
0.16,47,1,1,184,1373,314,0
0.379,18,0,0,1,103,1398,1
0.809,7,0,1,3,10,2403,1
0.732,10,0,0,8,88,1203,1
0.168,56,1,1,237,251,285,0
0.545,32,0,1,5,49,1666,1
0.054,69,0,0,77,418,347,0
0.885,6,0,0,3,29,1507,1
0.102,70,0,1,131,343,599,0
0.549,8,0,0,8,52,2351,1
0.084,16,1,1,121,1548,65,0
0.199,65,0,0,137,231,130,0
0.432,0,1,1,6,9,1660,1
0.086,53,0,1,26,43,691,0
0.022,66,0,1,275,205,261,0
0.705,10,1,1,0,75,515,1
0.092,49,1,1,179,585,74,0
0.198,30,0,0,280,1093,289,0
0.067,28,0,0,71,574,134,0
0.475,8,0,1,11,33,1138,1
0.191,43,0,0,45,69,492,0
0.373,15,0,0,12,10,1224,1
0.164,33,1,0,158,297,444,0
0.171,50,1,1,117,315,442,0
0.057,32,0,1,3,838,226,0
0.401,5,0,1,6,51,1581,1
0.017,26,0,0,111,335,320,0
0.19,26,0,1,281,172,639,0
0.415,2,1,1,10,49,761,1
0.162,45,0,1,97,94,320,0
0.658,25,0,0,1,13,1989,1
0.661,17,0,1,1,31,814,1
0.16,43,1,0,230,76,629,0
0.333,14,0,0,0,7,1231,1
0.182,44,0,0,112,135,463,0
0.831,12,0,0,0,124,2326,1
0.497,6,0,0,15,66,1975,1
0.01,54,0,0,224,115,371,0
0.505,48,0,0,2,120,1893,1
0.641,21,1,0,2,94,2096,1
0.865,14,0,1,9,25,1222,1
0.331,7,0,0,6,22,932,1
0.75,11,0,0,6,32,1743,1
0.043,48,0,1,204,6524,444,0
0.451,8,0,0,0,2,1980,1
0.11,59,0,1,301,1083,27,0
0.689,1,1,0,1,84,1932,1
0.119,38,1,0,0,903,485,0
0.036,25,1,1,124,70,504,0
0.427,0,0,0,9,54,1794,1
0.732,39,0,0,0,64,1458,1
0.373,5,0,0,4,9,2229,1
0.194,20,1,1,200,3536,513,0
0.674,13,0,0,2,36,975,1
0.04,39,0,0,200,128,786,0
0.055,10,1,1,225,18,405,0
0.147,49,0,1,95,421,345,0
0.744,9,0,1,3,47,1450,1
0.557,1,0,1,1,10,702,1
0.101,30,0,0,169,358,284,0
0.169,39,0,0,0,5048,768,0
0.499,5,0,0,0,72,1640,1
0.14,70,0,1,34,5,238,0
0.491,38,0,0,12,47,1978,1
0.109,34,1,1,26,98,406,0
0.31,49,0,0,0,57,1562,1
0.025,64,0,1,246,282,549,0
0.674,2,0,0,11,71,1639,1
0.135,31,1,0,92,938,135,0
0.324,5,0,0,20,11,1354,1
0.761,8,0,0,0,29,1319,1
0.163,67,0,1,157,77,684,0
0.188,31,1,1,28,1068,562,0
0.338,7,0,0,20,51,2106,1
0.087,40,1,0,264,125,711,0
0.567,20,0,0,1,32,734,1
0.034,26,0,1,0,5046,600,0
0.552,18,0,0,0,58,1359,1
0.521,57,0,0,12,63,1549,1
0.649,23,1,0,3,24,1117,1
0.63,8,1,0,8,40,1482,1
0.333,53,0,0,3,97,1024,1
0.377,5,0,0,1,9,1198,1
0.067,46,1,0,199,6124,331,0
0.197,30,0,0,248,348,178,0
0.121,41,1,0,143,730,452,0
0.56,11,0,0,10,112,2048,1
0.856,49,0,0,1,159,717,1
0.386,13,0,0,2,335,1555,1
0.35,2,0,0,1,19,1186,1
0.017,46,0,1,193,249,404,0
0.052,87,1,1,101,656,39,0
0.62,7,0,1,9,34,813,1
0.109,60,1,1,278,161,320,0
0.069,27,0,1,295,358,31,0
0.786,4,0,0,1,0,1946,1
0.13,0,1,1,209,1969,439,0
0.65,18,0,0,3,25,1309,1
0.193,60,1,0,225,260,388,0
0.493,11,0,0,6,2,1746,1
0.33,7,0,0,3,19,1200,1
0.885,7,0,0,20,13,1016,1
0.709,18,0,0,5,3,2254,1
0.042,62,1,0,136,2459,311,0
0.872,1,0,0,4,39,1329,1
0.375,5,0,0,2,60,1207,1
0.535,56,1,1,1,3,879,1
0.063,50,1,1,0,218,601,0
0.712,5,0,1,0,26,2110,1
0.153,28,0,1,103,27,586,0
0.892,3,0,0,12,8,2048,1
0.15,16,0,0,200,1655,438,0
0.114,56,0,0,377,21,383,0
0.409,10,0,0,3,7,1198,1
0.155,56,1,1,180,117,455,0
0.688,9,0,0,5,4,2097,1
0.561,5,0,0,5,79,314,1
0.364,15,1,1,4,3,2521,1
0.022,41,0,1,88,2171,473,0
0.142,56,0,1,96,104,207,0
0.858,0,0,1,9,183,1743,1
0.688,2,0,1,12,28,2035,1
0.008,71,1,0,104,345,273,0
0.581,39,0,0,3,3,1465,1
0.587,6,0,0,6,15,1615,1
0.489,2,0,0,4,101,1436,1
0.092,69,0,1,94,1145,634,0
0.175,44,0,1,128,2364,519,0
0.018,9,1,1,100,191,629,0
0.31,0,0,1,1,21,1648,1
0.658,4,0,1,4,43,1921,1
0.424,6,0,0,5,97,2081,1
0.193,27,0,1,196,6639,648,0
0.769,18,1,0,6,95,1949,1
0.488,47,0,0,0,62,815,1
0.406,4,0,1,1,7,1501,1
0.847,2,0,0,0,57,2311,1
0.119,33,0,0,257,95,129,0
0.113,56,0,1,131,626,251,0
0.844,2,1,0,14,56,1036,1
0.061,38,0,0,132,102,316,0
0.026,56,1,0,284,60,794,0
0.71,14,0,0,3,110,1707,1
0.642,26,1,0,5,56,954,1
0.16,65,0,1,128,1273,191,0
0.563,5,0,1,14,9,2472,1
0.175,32,0,0,235,572,544,0
0.733,4,0,0,2,49,1639,1
0.047,43,1,0,60,560,558,0
0.9,3,0,0,16,123,1214,1
0.101,42,1,1,181,188,230,0
0.02,66,0,0,91,69,764,0
0.033,43,0,0,132,1197,427,0
0.598,27,0,1,6,9,2182,1
0.014,22,0,1,149,511,344,0
0.159,75,0,1,322,44,167,0
0.387,1,0,1,1,11,2415,1
0.742,5,0,0,16,95,1367,1
0.152,70,0,0,155,253,629,0
0.001,0,0,1,316,217,534,0
0.653,3,0,0,8,26,1213,1
0.455,30,0,0,3,11,767,1
0.897,9,0,0,12,80,2157,1
0.571,19,0,0,1,31,1640,1
0.501,45,0,0,3,6,1413,1
0.075,54,0,1,69,172,305,0
0.544,39,0,0,3,4,1826,1
0.022,17,1,0,24,1208,586,0
0.135,64,1,1,126,169,694,0
0.137,36,0,0,84,36,145,0
0.304,17,1,0,0,78,876,1
0.123,52,0,0,103,1095,515,0
0.08,47,1,0,208,841,509,0
0.421,24,1,0,15,2,1563,1
0.115,26,1,0,222,477,601,0
0.003,60,0,0,71,402,406,0
0.759,9,0,0,0,102,2498,1
0.123,34,1,0,153,878,499,0
0.196,0,1,0,162,8089,805,0
0.018,72,1,0,124,283,318,0
0.825,2,0,0,4,22,1167,1
0.684,4,0,1,0,100,1860,1
0.656,2,0,0,6,71,1507,1
0.163,30,1,1,155,1046,615,0
0.099,43,0,0,177,624,61,0
0.595,12,0,1,3,20,1010,1
0.021,32,0,0,97,373,372,0
0.109,8,0,1,223,49,258,0
0.446,9,0,0,6,1,2213,1
0.503,12,0,1,0,95,1290,1
0.04,43,1,0,236,386,134,0
0.016,48,1,1,174,1612,189,0
0.132,42,0,0,164,435,697,0
0.48,2,0,0,7,38,1400,1
0.86,15,1,0,2,5,1059,1
0.826,22,0,0,3,49,1555,1
0.624,0,0,0,0,68,1808,1
0.145,52,0,0,135,143,129,0
0.453,10,0,1,0,7,1573,1
0.333,27,0,0,4,9,1238,1
0.419,5,0,0,0,175,1159,1
0.381,2,0,0,7,138,1983,1
0.715,2,0,1,1,3,1114,1
0.184,82,1,0,48,32,398,0
0.025,36,0,0,217,997,321,0
0.524,2,0,1,1,22,991,1
0.021,32,1,1,180,2975,27,0
0.847,12,0,0,9,51,1945,1
0.836,37,0,0,6,70,1682,1
0.121,58,1,0,99,58,371,0
0.067,48,0,1,125,1727,494,0
0.429,1,1,0,18,92,1694,1
0.358,5,0,0,13,3,1500,1
0.63,13,0,0,2,92,1744,1
0.113,40,1,1,182,50,360,0
0.88,9,0,0,15,19,2030,1
0.821,31,0,0,6,18,1352,1
0.591,22,0,0,2,22,2226,1
0.105,39,0,1,264,100,207,0
0.86,19,0,0,0,48,3007,1
0.516,1,0,1,2,31,1813,1
0.011,64,0,1,461,213,309,0
0.576,5,0,0,5,87,1132,1
0.464,58,0,1,0,36,1429,1
0.008,65,1,1,162,1096,387,0
0.704,1,0,0,3,30,586,1
0.033,70,0,1,26,2647,546,0
0.194,60,1,1,103,421,348,0
0.677,12,0,0,4,4,693,1
0.548,20,0,1,1,34,1167,1
0.814,17,1,0,10,3,546,1
0.833,5,0,0,14,2,1969,1
0.079,42,0,0,224,296,406,0
0.893,9,0,0,2,8,2303,1
0.19,34,0,1,238,4086,417,0
0.637,12,0,0,3,15,1543,1
0.624,52,0,0,4,91,1287,1
0.898,8,0,1,1,47,1250,1
0.069,47,0,1,73,446,605,0
0.689,52,0,1,3,6,1750,1
0.617,2,0,0,4,0,1480,1
0.87,7,0,1,4,17,797,1
0.546,3,1,0,2,1,1844,1
0.04,36,0,0,208,1096,332,0
0.77,28,0,0,1,93,1568,1
0.145,36,1,0,84,1902,318,0
0.111,65,1,0,32,64,483,0
0.161,32,0,1,148,306,173,0
0.067,101,0,1,215,107,680,0
0.011,34,0,1,37,216,200,0
0.139,8,0,1,259,804,445,0
0.462,6,0,1,14,67,1627,1
0.082,37,0,0,205,166,30,0
0.077,41,1,1,91,239,452,0
0.116,46,0,1,265,188,194,0
0.377,11,1,0,10,72,1531,1
0.449,0,0,1,1,23,2392,1
0.023,50,0,0,282,520,488,0
0.716,12,0,0,0,54,1263,1
0.105,22,1,1,270,346,231,0
0.151,49,1,0,295,1504,360,0
0.838,17,1,0,10,19,1226,1
0.084,36,0,0,108,133,74,0
0.508,20,1,1,2,68,2511,1
0.391,2,0,1,1,3,832,1
0.111,64,0,1,201,229,622,0
0.003,28,0,0,72,454,271,0
0.706,24,0,1,5,21,1829,1
0.162,61,1,0,0,226,26,0
0.164,51,1,1,225,295,337,0
0.142,55,0,0,175,42,330,0
0.475,22,0,1,2,45,1369,1
0.354,48,1,0,1,135,1171,1
0.069,54,1,0,30,2051,442,0
0.586,78,0,0,24,26,1737,1
0.483,1,0,0,9,42,626,1
0.9,5,0,0,0,16,1326,1
0.368,30,0,0,2,16,1885,1
0.742,9,1,0,2,32,500,1
0.146,50,1,1,190,687,654,0
0.061,53,0,0,0,267,390,0
0.02,52,0,0,126,246,0,0
0.78,20,0,0,1,74,852,1
0.331,0,0,0,0,13,1421,1
0.104,87,1,1,210,174,282,0
0.706,7,1,0,3,125,1190,1
0.181,42,1,0,46,236,140,0
0.09,36,0,1,166,470,429,0
0.004,71,0,1,2,157,439,0
0.845,47,0,0,1,24,1652,1
0.875,10,0,0,2,96,873,1
0.087,39,1,0,97,139,528,0
0.064,63,1,0,144,92,320,0
0.102,68,1,0,140,1712,395,0
0.161,20,0,0,107,56,558,0
0.331,3,1,1,3,26,1151,1
0.404,7,1,0,2,136,1022,1
0.01,56,1,0,9,5202,178,0
0.14,21,0,0,258,20,346,0
0.76,10,0,1,10,55,1542,1
0.758,2,0,1,0,69,1206,1
0.095,46,1,0,148,7629,490,0
0.141,50,0,1,209,51,593,0
0.025,41,1,0,252,769,144,0
0.336,7,0,0,6,87,1582,1
0.861,27,1,0,2,31,808,1
0.394,0,1,0,1,4,1567,1
0.133,64,1,0,107,476,488,0
0.153,41,0,0,75,149,550,0
0.468,3,0,1,1,4,1192,1
0.514,20,0,1,16,78,1419,1
0.008,100,1,0,194,101,529,0
0.652,8,1,0,2,38,686,1
0.698,22,0,0,0,134,2225,1
0.004,35,0,0,157,1945,394,0
0.594,1,1,0,11,120,1887,1
0.189,90,1,0,173,212,418,0
0.1,43,0,0,112,148,438,0
0.101,55,1,1,22,114,643,0
0.153,37,1,0,0,2390,708,0
0.062,54,0,0,200,2299,463,0
0.009,58,0,0,122,478,491,0
0.052,59,0,1,117,313,553,0
0.415,10,1,1,0,58,1928,1
0.024,53,0,1,98,8,366,0
0.065,43,1,0,349,203,389,0
0.743,30,0,0,0,145,874,1
0.38,22,0,1,6,70,1351,1
0.671,22,0,1,11,15,769,1
0.165,0,0,1,285,162,713,0
0.678,18,0,0,9,30,1062,1
0.097,33,1,0,110,580,449,0
0.154,49,0,1,101,46,538,0
0.046,64,1,1,153,11,635,0
0.097,91,0,0,167,3034,471,0
0.859,44,0,0,3,5,1250,1
0.86,3,0,0,2,79,865,1
0.053,46,0,0,267,8135,457,0
0.182,52,1,0,110,131,379,0
0.002,62,0,0,0,918,870,0
0.821,16,0,1,11,6,1223,1
0.106,67,0,1,189,792,347,0
0.064,37,0,1,157,35,326,0
0.414,16,0,1,0,10,1339,1
0.513,5,1,0,0,28,297,1
0.175,38,1,1,121,157,419,0
0.384,14,0,0,3,16,1308,1
0.364,10,0,1,0,33,1601,1
0.073,31,0,0,183,1719,264,0
0.319,51,0,0,2,3,1135,1
0.19,89,0,1,338,315,539,0
0.413,12,0,1,14,36,1081,1
0.07,66,0,1,22,4436,228,0
0.098,15,0,0,159,630,427,0
0.066,49,0,0,90,712,539,0
0.572,11,1,0,2,33,854,1
0.18,56,1,1,171,114,0,0
0.653,1,0,0,21,41,1842,1
0.137,37,1,0,122,6580,210,0
0.005,53,0,0,286,77,564,0
0.339,17,0,0,2,12,1679,1
0.085,26,0,0,144,2874,26,0
0.036,58,0,1,211,92,123,0
0.582,6,0,0,5,54,600,1
0.057,22,0,0,132,317,443,0
0.046,36,1,0,111,692,217,0
0.068,59,0,1,326,466,196,0
0.087,63,1,1,0,43,734,0
0.435,4,0,0,12,22,800,1
0.802,15,0,0,8,1,739,1
0.174,0,0,1,181,20,265,0
0.383,8,0,0,5,27,1550,1
0.161,59,0,0,229,24,529,0
0.626,26,0,0,4,146,950,1
0.083,69,1,1,0,590,220,0
0.164,30,1,0,70,470,0,0
0.112,33,1,1,282,9246,541,0
0.052,50,1,1,0,163,633,0
0.081,25,0,1,107,1158,294,0
0.141,47,1,0,210,119,821,0
0.413,10,0,1,6,54,1668,1
0.1,38,1,1,139,228,167,0
0.748,0,0,0,6,124,1570,1
0.141,30,0,0,312,7998,478,0
0.55,19,0,0,1,91,1768,1
0.371,69,0,0,29,16,1653,1
0.701,2,0,1,1,55,1733,1
0.067,26,0,0,6,169,18,0
0.149,39,1,0,169,2082,495,0
0.608,15,1,0,11,69,1069,1
0.098,17,1,1,246,341,341,0
0.674,0,0,0,2,28,1138,1
0.138,39,0,0,236,31,564,0
0.73,16,0,0,0,48,1908,1
0.767,10,0,0,5,59,1318,1
0.154,67,0,1,326,26346,707,0
0.879,1,0,1,3,47,1740,1
0.096,53,1,0,122,1481,300,0
0.343,31,0,0,13,56,2353,1
0.506,4,1,1,5,21,1114,1
0.01,51,1,1,102,57,268,0
0.089,55,0,1,145,316,225,0
0.187,82,0,0,404,1163,445,0
0.425,16,0,0,0,66,1327,1
0.12,12,0,1,254,60,496,0
0.377,8,0,1,1,106,1063,1
0.835,3,0,0,2,62,2085,1
0.057,79,0,0,153,6154,199,0
0.065,66,0,0,258,171,408,0
0.573,0,1,0,14,33,1977,1
0.505,38,0,0,3,12,2446,1
0.145,32,0,1,101,160,256,0
0.021,43,1,1,134,101,418,0
0.051,18,1,1,0,1533,137,0
0.146,14,0,1,133,778,223,0
0.04,52,0,0,373,98,213,0
0.821,12,0,0,3,85,2263,1
0.669,26,0,0,0,18,1990,1
0.477,10,0,0,1,7,1834,1
0.418,0,0,0,4,19,868,1
0.002,22,1,0,379,6642,167,0
0.129,81,0,0,365,24,299,0
0.079,61,0,0,151,67,346,0
0.594,28,0,0,1,108,2185,1
0.646,3,0,1,0,241,1645,1
0.079,42,0,1,251,11,558,0
0.024,27,0,0,283,1625,279,0
0.793,21,0,0,1,6,1748,1
0.606,13,0,0,2,51,998,1
0.125,43,1,1,165,154,807,0
0.166,57,0,0,113,1227,381,0
0.659,0,0,0,2,112,959,1
0.197,29,1,1,192,1360,580,0
0.142,38,1,0,88,3544,336,0
0.157,78,1,1,127,130,218,0
0.489,1,0,0,3,119,1653,1
0.712,1,1,0,2,70,1224,1
0.454,17,0,1,2,50,1845,1
0.763,9,0,0,11,34,956,1
0.805,24,0,0,2,87,1569,1
0.784,6,0,0,0,79,726,1
0.359,4,1,0,18,194,1283,1
0.02,86,1,0,135,314,406,0
0.16,51,0,0,138,37,818,0
0.051,66,1,0,0,283,829,0
0.087,19,0,1,240,862,524,0
0.117,21,0,0,67,212,348,0
0.137,46,1,1,359,50,405,0
0.181,58,0,0,355,46,296,0
0.781,13,0,0,6,73,1436,1
0.6,5,1,0,2,16,1048,1
0.034,66,0,0,62,629,141,0
0.0,68,0,1,113,859,504,0
0.883,7,0,0,2,165,2168,1
0.108,36,1,1,113,845,372,0
0.004,59,0,0,127,2846,427,0
0.362,42,0,0,6,24,2176,1
0.193,40,0,0,0,235,301,0
0.711,8,0,1,8,33,1425,1
0.06,22,0,1,240,127,307,0
0.445,41,0,0,10,25,950,1
0.527,5,0,0,4,3,1190,1
0.415,7,1,0,5,14,1075,1
0.035,40,1,0,0,1790,972,0
0.488,5,0,1,1,5,1649,1
0.18,63,0,0,0,1158,899,0
0.041,78,0,0,127,6193,486,0
0.159,29,1,1,188,365,328,0
0.067,27,0,1,215,60,757,0
0.816,4,1,0,7,4,1784,1
0.313,25,0,0,2,47,1151,1
0.139,34,0,1,119,5107,428,0
0.102,12,0,0,8,1545,51,0
0.808,8,0,0,3,174,1275,1
0.038,54,1,1,304,2651,262,0
0.725,3,0,0,0,20,1910,1
0.084,0,0,0,269,39,713,0
0.06,57,1,0,208,732,250,0
0.424,8,0,1,0,116,1445,1
0.149,72,1,1,291,242,539,0
0.592,9,0,1,4,9,1470,1
0.094,92,1,0,103,511,631,0
0.039,26,0,0,53,707,318,0
0.027,44,0,1,0,3452,347,0
0.671,1,0,0,2,68,579,1
0.034,76,0,1,202,7,498,0
0.171,30,0,0,69,534,242,0
0.192,54,1,1,222,4760,625,0
0.191,46,0,1,258,14018,112,0
0.302,4,0,0,2,197,1387,1
0.51,9,0,0,7,42,1204,1
0.114,58,0,0,79,238,344,0
0.653,0,1,1,1,29,1330,1
0.004,28,0,0,329,92,759,0
0.036,62,1,0,331,1083,616,0
0.023,39,1,0,331,60,707,0
0.874,6,1,1,1,81,1932,1
0.477,0,0,0,2,9,146,1
0.824,18,0,0,5,156,1968,1
0.355,10,0,0,8,7,1888,1
0.581,41,0,1,25,40,1242,1
0.555,5,0,1,0,66,1037,1
0.3,13,1,0,1,52,1998,1
0.492,4,1,1,3,93,2063,1
0.571,8,0,0,3,1,2231,1
0.136,44,1,1,154,241,441,0
0.494,2,1,0,10,44,2229,1
0.705,24,0,0,3,81,809,1
0.357,36,0,0,2,26,719,1
0.708,1,0,1,8,9,1645,1
0.829,9,0,1,11,29,1869,1
0.465,7,0,0,1,98,1602,1
0.404,6,0,0,7,108,1252,1
0.433,9,0,1,7,35,1954,1
0.306,7,1,1,3,37,1723,1
0.509,11,0,0,6,98,1416,1
0.545,17,0,0,10,27,905,1
0.182,74,0,1,150,1126,315,0
0.057,72,0,0,269,35,260,0
0.785,24,0,0,4,87,679,1
0.459,11,0,0,0,63,1226,1
0.043,42,0,1,19,114,0,0
0.622,3,0,1,2,26,1498,1
0.111,39,0,1,94,136,398,0
0.043,27,0,0,194,130,169,0
0.002,52,1,0,0,1979,55,0
0.017,65,0,0,337,112,888,0
0.193,58,0,0,224,488,297,0
0.442,4,0,1,3,3,1976,1
0.145,37,1,0,239,7332,451,0
0.83,10,0,1,1,24,1704,1
0.542,3,0,0,0,67,1833,1
0.05,6,1,0,61,5103,709,0
0.084,37,0,1,140,62,489,0
0.451,2,1,1,1,19,1479,1
0.004,20,1,1,207,986,346,0
0.034,30,0,0,0,3007,262,0
0.386,29,0,0,4,31,2081,1
0.597,19,0,0,11,2,1716,1
0.087,35,0,0,42,415,717,0
0.455,9,1,0,9,26,1429,1
0.154,41,1,0,19,2835,592,0
0.117,70,0,0,0,1835,133,0
0.066,20,0,0,83,464,761,0
0.866,0,0,0,12,2,2058,1
0.445,31,0,1,13,53,1616,1
0.563,0,1,0,0,58,966,1
0.429,0,0,0,3,84,1474,1
0.817,14,0,0,2,41,842,1
0.183,76,0,1,37,43,482,0
0.089,22,0,0,208,1708,589,0
0.062,71,0,0,122,401,316,0
0.116,33,0,1,221,284,541,0
0.664,14,0,0,4,214,1888,1
0.146,58,0,0,182,11682,0,0
0.798,8,0,0,0,47,1333,1
0.119,56,0,0,13,181,500,0
0.666,15,0,1,2,18,1008,1
0.577,7,1,1,1,99,1730,1
0.055,19,1,0,0,1279,623,0
0.17,22,1,1,164,30,345,0
0.111,49,1,1,198,4505,89,0
0.016,63,0,1,270,98,125,0
0.753,15,0,0,0,59,2089,1
0.075,19,0,0,203,24,356,0
0.103,51,1,0,236,45,638,0
0.481,12,0,0,1,22,1389,1
0.021,47,1,0,24,1508,391,0
0.061,71,0,0,52,515,662,0
0.073,31,1,0,93,649,494,0
0.042,63,0,0,102,377,668,0
0.191,11,0,1,93,439,544,0
0.87,29,0,0,1,127,613,1
0.171,39,0,0,285,424,63,0
0.006,40,0,0,303,1396,540,0
0.153,32,0,0,216,2325,244,0
0.066,44,1,0,46,67,797,0
0.014,87,0,1,138,195,350,0
0.862,7,0,1,1,62,1292,1
0.029,35,1,0,170,467,901,0
0.577,5,0,0,21,138,2369,1
0.817,32,0,0,11,24,1454,1
0.12,59,1,1,231,113,51,0
0.155,53,0,1,128,19,124,0
0.04,84,1,1,90,4158,177,0
0.082,15,0,1,37,398,143,0
0.376,40,0,0,2,119,1492,1
0.128,37,1,1,278,274,455,0
0.054,30,1,0,56,304,329,0
0.04,63,0,0,87,22,105,0
0.023,73,1,1,253,776,480,0
0.019,64,1,0,331,167,890,0
0.187,50,1,1,68,1408,433,0
0.865,0,0,0,1,38,1936,1
0.46,34,1,0,11,24,2713,1
0.147,28,1,0,143,126,673,0
0.004,49,1,0,55,2068,614,0
0.141,67,0,0,148,157,204,0
0.325,15,0,0,7,19,1169,1
0.155,39,0,0,347,450,629,0
0.327,5,0,0,1,18,1746,1
0.104,27,1,0,303,687,38,0
0.005,46,1,1,72,1156,694,0
0.164,22,0,1,102,14100,679,0
0.19,44,0,1,103,4968,406,0
0.383,4,0,0,2,15,2162,1
0.521,12,0,1,2,52,1022,1
0.145,56,1,0,126,129,532,0
0.068,61,1,0,244,124,699,0
0.427,15,1,0,3,56,2102,1
0.757,0,1,1,9,52,1572,1
0.814,1,0,1,1,4,1765,1
0.398,28,0,0,8,27,1728,1
0.039,50,0,1,0,714,673,0
0.768,3,0,1,0,14,1113,1
0.175,83,0,0,217,30,526,0
0.826,36,0,0,3,148,379,1
0.899,4,0,0,0,0,1051,1
0.314,17,0,0,1,9,0,1
0.544,3,0,0,3,8,2081,1
0.366,9,0,0,1,37,1891,1
0.103,51,0,0,228,1292,303,0
0.086,58,0,1,190,87,188,0
0.478,19,0,0,6,9,1373,1
0.528,9,0,1,6,19,1310,1
0.064,92,0,0,63,214,524,0
0.528,30,0,0,5,0,1452,1
0.788,46,1,1,3,22,2365,1
0.093,64,0,1,184,234,524,0
0.364,1,0,0,8,114,1511,1
0.326,6,0,0,3,34,361,1
0.086,84,0,1,162,148,0,0
0.018,19,0,1,228,121,412,0
0.14,26,0,1,196,11,534,0
0.493,14,1,0,0,30,2007,1
0.084,41,0,1,24,704,142,0
0.094,23,0,0,210,379,558,0
0.129,76,1,0,342,432,636,0
0.014,56,1,1,0,71,571,0
0.099,55,1,0,135,183,650,0
0.149,31,0,0,186,30,328,0
0.513,23,0,0,6,25,887,1
0.458,7,0,0,1,25,2094,1
0.163,63,0,0,239,1970,474,0
0.021,45,1,1,189,520,230,0
0.088,62,0,0,82,3465,590,0
0.823,0,0,0,5,5,653,1
0.699,5,0,1,0,28,1492,1
0.601,5,0,0,5,76,1291,1
0.618,13,0,0,0,14,1554,1
0.638,43,0,0,8,41,730,1
0.453,4,0,0,6,2,1855,1
0.77,9,0,0,0,25,1015,1
0.648,44,0,0,1,35,1609,1
0.57,5,0,0,9,170,2148,1
0.088,71,0,1,116,1261,232,0
0.106,61,0,1,212,170,623,0
0.035,49,0,1,145,666,342,0
0.052,47,0,0,0,126,293,0
0.731,22,0,1,6,7,1219,1
0.375,2,0,0,7,68,1235,1
0.121,70,0,0,9,786,570,0
0.459,17,0,0,0,134,1119,1
0.098,44,1,0,59,119,550,0
0.388,53,1,1,1,50,1566,1
0.152,35,0,0,267,311,687,0
0.623,79,0,0,2,24,1686,1
0.625,21,0,0,3,1,1583,1
0.051,43,0,1,151,1249,425,0
0.687,8,1,1,1,7,1820,1
0.158,87,1,1,152,648,562,0
0.191,35,1,1,0,156,660,0
0.15,21,1,0,296,385,919,0
0.154,15,1,0,232,102,468,0
0.895,5,0,0,2,94,1648,1
0.521,13,0,0,18,2,2036,1
0.589,1,0,0,0,94,1609,1
0.104,23,1,0,118,500,33,0
0.458,3,0,0,0,23,1713,1
0.085,84,0,0,222,651,295,0
0.478,18,0,1,6,65,1751,1
0.36,18,0,1,0,1,992,1
0.635,37,0,1,0,9,1316,1
0.006,62,0,1,122,1158,384,0
0.374,3,0,0,1,101,2296,1
0.619,1,0,1,9,111,2232,1
0.165,45,0,0,118,364,203,0
0.706,31,0,1,0,0,868,1
0.051,69,0,0,0,913,810,0
0.532,4,0,0,6,70,1573,1
0.133,59,0,0,5,193,997,0
0.113,38,1,0,182,55,352,0
0.591,26,1,0,2,46,1792,1
0.174,44,0,0,129,2927,333,0
0.164,9,0,1,15,194,102,0
0.035,27,1,0,275,1130,489,0
0.146,55,1,0,116,404,345,0
0.035,40,0,1,180,1275,459,0
0.069,64,1,0,59,499,462,0
0.758,14,0,0,7,210,757,1
0.162,68,0,1,141,7,164,0
0.155,10,0,0,178,46,488,0
0.389,15,0,1,3,112,792,1
0.89,4,0,0,0,191,1988,1
0.653,12,0,0,0,47,1184,1
0.754,3,0,0,2,93,2318,1
0.797,7,0,1,1,9,1539,1
0.889,6,0,0,1,35,1660,1
0.492,2,0,0,6,33,1619,1
0.019,33,1,0,195,259,327,0
0.164,53,0,1,313,1575,258,0
0.324,0,0,0,4,40,2604,1
0.006,65,0,1,144,1115,533,0
0.104,43,1,0,253,340,388,0
0.159,21,0,1,105,542,646,0
0.67,9,0,1,0,27,1487,1
0.575,10,0,0,1,10,419,1
0.013,41,1,1,300,247,797,0
0.533,7,0,0,9,103,1398,1
0.126,46,0,0,123,703,435,0
0.153,56,0,0,20,457,183,0
0.032,26,0,1,172,442,244,0
0.114,43,1,1,0,1796,223,0
0.707,19,1,0,0,39,1545,1
0.724,23,0,0,3,20,1458,1
0.78,13,0,0,8,16,2068,1
0.109,47,0,0,1,1086,370,0
0.307,13,0,1,0,57,2074,1
0.188,74,1,0,0,145,303,0
0.531,8,1,0,12,32,562,1
0.125,41,0,0,256,1091,360,0
0.166,32,1,0,134,284,402,0
0.063,46,1,1,352,213,373,0
0.807,36,1,0,30,14,1734,1
0.441,35,0,1,1,153,1628,1
0.332,18,0,0,1,61,1615,1
0.452,46,0,0,1,26,826,1
0.047,71,1,1,147,599,288,0
0.4,23,0,0,2,97,1591,1
0.385,18,1,0,3,131,982,1
0.104,103,1,0,107,274,655,0
0.014,39,0,1,276,199,624,0
0.12,17,1,1,277,468,398,0
0.596,2,0,1,7,77,993,1
0.172,67,1,0,160,1803,528,0
0.01,91,1,1,153,11070,140,0
0.056,49,0,0,211,38,184,0
0.776,23,0,0,13,87,1671,1
0.14,46,0,0,71,10413,177,0
0.496,22,1,0,9,5,1372,1
0.35,15,0,1,2,16,1624,1
0.1,9,1,1,92,1589,202,0
0.079,44,1,1,351,34,346,0
0.522,0,0,0,3,182,951,1
0.072,12,1,1,262,568,335,0
0.143,55,0,0,148,152,142,0
0.717,22,0,0,9,0,1125,1
0.862,14,0,0,0,13,1655,1
0.033,29,0,1,63,2215,336,0
0.572,10,0,0,0,40,2187,1
0.065,90,0,1,71,4915,461,0
0.141,89,1,0,187,3571,304,0
0.117,52,0,0,90,491,228,0
0.587,1,0,1,7,117,1775,1
0.173,47,0,0,0,55,761,0
0.15,82,0,0,107,1355,557,0
0.087,59,1,1,253,722,205,0
0.844,34,1,1,0,86,823,1
0.546,70,0,0,3,19,1311,1
0.766,14,0,0,9,60,1658,1
0.629,14,0,0,1,11,1827,1
0.542,3,0,1,6,101,1628,1
0.107,38,0,0,191,1301,404,0
0.825,2,0,0,1,47,1996,1
0.615,3,0,0,6,12,1725,1
0.521,6,1,0,7,69,1747,1
0.179,17,0,1,173,2315,525,0
0.559,11,0,0,3,2,1415,1
0.829,8,0,0,0,14,1210,1
0.182,55,0,0,194,656,159,0
0.471,9,1,0,6,28,1719,1
0.06,34,1,0,142,261,430,0
0.191,54,1,1,132,5667,365,0
0.074,45,0,1,18,534,229,0
0.125,90,0,1,197,604,373,0
0.152,32,0,0,87,77,546,0
0.605,32,0,0,2,30,1729,1
0.073,27,1,1,0,2806,529,0
0.097,36,0,0,197,169,430,0
0.571,12,1,1,2,0,724,1
0.085,72,1,0,359,79,500,0
0.75,6,0,0,2,61,1842,1
0.678,13,0,0,4,31,1183,1
0.719,8,0,0,0,17,1889,1
0.04,63,1,1,173,828,313,0
0.044,54,0,1,264,158,606,0
0.026,39,0,0,0,82,335,0
0.511,27,0,1,21,4,1605,1
0.058,75,0,1,90,198,463,0
0.167,62,1,1,319,249,127,0
0.099,57,0,0,76,39,427,0
0.373,6,0,0,16,42,1652,1
0.585,28,0,1,1,6,1894,1
0.171,68,1,0,170,11,403,0
0.125,36,0,1,239,586,341,0
0.121,47,0,1,190,13,486,0
0.013,75,0,1,330,198,31,0
0.626,1,1,0,0,24,1670,1
0.717,0,0,1,0,96,2752,1
0.355,26,0,0,0,3,1296,1
0.487,10,0,1,5,46,1344,1
0.082,0,1,0,73,560,366,0
0.172,99,0,1,139,32,582,0
0.005,34,1,0,219,1868,442,0
0.818,6,0,1,2,10,2257,1
0.062,72,0,0,109,515,255,0
0.349,31,1,0,6,40,1853,1
0.812,5,0,0,2,111,1370,1
0.115,45,1,0,206,328,556,0
0.148,26,0,1,120,5053,755,0
0.118,62,1,0,51,144,476,0
0.696,14,1,0,10,22,1899,1
0.185,28,0,1,236,599,190,0
0.489,0,1,0,10,56,1598,1
0.135,5,1,0,201,545,506,0
0.722,0,1,0,3,41,1440,1
0.39,9,1,0,1,0,2296,1
0.16,38,1,1,174,325,478,0
0.717,38,0,0,6,2,2223,1
0.532,7,0,0,0,53,2044,1
0.187,16,0,1,119,538,455,0
0.32,1,0,0,3,38,1660,1
0.054,45,0,0,222,10,564,0
0.464,2,1,1,1,24,2236,1
0.078,65,1,1,355,142,380,0
0.094,44,0,1,204,1282,466,0
0.517,19,0,1,3,17,1734,1
0.693,15,0,0,2,42,2314,1
0.564,20,0,0,5,0,1592,1
0.733,27,0,0,9,74,1006,1
0.707,12,0,0,11,58,906,1
0.197,63,0,1,78,16,315,0
0.817,28,0,0,2,26,1242,1
0.189,67,0,1,33,1361,587,0
0.152,40,0,1,63,385,497,0
0.866,17,1,0,4,188,1883,1
0.128,85,1,0,236,63,589,0
0.128,28,0,1,183,227,278,0
0.167,47,1,0,0,3882,87,0
0.151,35,0,0,221,774,251,0
0.697,0,1,0,2,55,667,1
0.013,9,0,1,133,1328,742,0
0.866,4,0,1,4,5,1177,1
0.677,3,0,0,10,31,1034,1
0.175,34,0,0,206,152,0,0
0.517,28,0,1,11,116,1314,1
0.497,45,0,0,11,16,1032,1
0.667,8,0,1,5,11,962,1
0.187,36,0,1,104,81,204,0
0.663,25,0,0,1,168,1131,1
0.724,13,0,0,6,2,524,1
0.307,9,0,0,1,28,1610,1
0.023,22,0,0,113,525,404,0
0.579,45,1,1,4,30,1006,1
0.071,52,0,0,207,171,28,0
0.023,46,1,1,168,576,157,0
0.063,55,0,0,124,221,175,0
0.174,59,1,0,136,592,354,0
0.079,75,0,0,192,495,445,0
0.118,42,1,0,297,1374,217,0
0.552,59,0,1,13,13,1346,1
0.184,77,0,1,0,304,333,0
0.753,13,0,0,3,2,828,1
0.791,68,0,0,0,52,2146,1
0.051,60,1,1,199,21,368,0
0.829,8,1,0,1,43,922,1
0.604,7,0,0,0,5,649,1
0.855,7,0,0,6,15,1132,1
0.865,11,1,0,0,55,1493,1
0.039,45,1,1,283,322,21,0
0.858,33,0,0,3,12,3272,1
0.089,75,1,0,143,760,174,0
0.315,7,1,0,2,18,1408,1
0.676,6,0,0,0,57,1442,1
0.042,85,0,1,92,100,626,0
0.797,13,0,0,4,9,651,1
0.541,21,0,1,1,26,972,1
0.772,11,0,0,2,15,1670,1
0.068,64,0,1,23,63,421,0
0.813,7,0,0,2,7,1250,1
0.142,58,0,0,233,482,254,0
0.754,1,1,0,5,177,1362,1
0.17,30,1,1,311,1204,383,0
0.09,77,0,1,157,1087,566,0
0.707,14,0,1,8,6,1799,1
0.809,8,0,1,2,82,1027,1
0.151,49,0,0,125,196,296,0
0.129,58,1,1,145,424,488,0
0.729,15,0,0,0,76,1359,1
0.136,68,0,0,143,607,468,0
0.609,2,0,0,2,90,2128,1
0.511,2,0,0,11,13,1233,1
0.424,52,0,1,1,1,645,1
0.339,0,0,0,7,33,1695,1
0.069,64,1,1,136,241,546,0
0.529,14,0,0,2,214,1370,1
0.145,75,0,0,37,31,610,0
0.344,2,1,0,15,334,578,1
0.074,65,1,1,106,1026,530,0
0.513,12,1,0,0,20,1294,1
0.181,39,0,0,243,40,101,0
0.033,53,0,1,80,370,221,0
0.692,4,0,1,13,15,2098,1
0.501,9,1,1,0,7,1010,1
0.507,2,0,1,28,23,1494,1
0.659,29,0,0,2,11,1136,1
0.139,46,0,0,426,276,14,0
0.416,20,0,0,6,11,2246,1
0.061,0,1,1,20,3046,581,0
0.059,36,0,1,0,213,479,0
0.303,0,0,0,3,97,1078,1
0.08,64,0,1,344,463,432,0
0.05,30,0,1,74,139,425,0
0.172,28,1,0,322,847,578,0
0.174,74,1,1,342,96,615,0
0.435,9,0,0,0,22,1456,1
0.524,74,1,0,6,2,1275,1
0.444,10,0,0,7,18,1296,1
0.853,16,0,1,8,17,1754,1
0.033,46,0,0,211,1117,413,0
0.02,66,0,1,153,316,466,0
0.889,0,1,1,1,181,1874,1
0.473,33,1,1,4,6,419,1
0.775,21,1,0,8,139,1741,1
0.158,50,1,1,133,33,199,0
0.675,26,1,1,2,50,1484,1
0.43,2,0,1,0,13,2081,1
0.479,12,0,0,0,6,441,1
0.059,49,0,1,77,699,240,0
0.14,84,1,1,0,115,142,0
0.184,58,1,1,213,197,293,0
0.02,62,1,0,147,221,555,0
0.113,28,0,0,30,212,322,0
0.019,77,0,0,114,187,298,0
0.054,69,0,1,160,277,458,0
0.136,55,1,1,103,1438,443,0
0.572,31,0,0,6,4,811,1
0.492,7,0,0,9,29,1467,1
0.055,66,0,0,52,454,686,0
0.055,15,0,1,187,314,621,0
0.348,4,0,0,13,27,843,1
0.174,57,1,0,145,902,150,0
0.015,42,0,0,186,2117,447,0
0.195,36,1,1,140,24,298,0
0.601,6,0,0,10,39,1791,1
0.634,3,0,0,9,30,1282,1
0.736,1,0,1,8,8,1036,1
0.69,21,0,0,8,28,895,1
0.374,12,1,1,4,52,1439,1
0.066,64,1,1,109,20,178,0
0.875,7,1,0,3,1,1365,1
0.153,86,0,0,269,298,319,0
0.125,89,0,0,267,173,320,0
0.809,14,0,0,10,67,996,1
0.457,58,0,0,9,71,2361,1
0.059,24,0,1,119,1306,286,0
0.199,48,1,1,69,137,646,0
0.091,57,0,1,157,211,801,0
0.668,4,0,0,0,21,1785,1
0.362,28,0,1,5,9,2195,1
0.584,15,0,0,0,14,1255,1
0.383,16,0,0,0,4,127,1
0.535,2,0,0,3,13,2074,1
0.172,18,1,1,13,49,367,0
0.663,9,0,0,11,39,1531,1
0.083,53,1,1,112,6,486,0
0.119,16,0,1,229,189,235,0
0.136,70,0,1,85,530,578,0
0.511,3,0,0,23,204,1068,1
0.595,17,0,0,0,3,2520,1
0.418,9,0,0,2,4,649,1
0.123,57,1,0,136,44,340,0
0.198,64,0,0,262,1113,438,0
0.159,80,0,0,284,16196,690,0
0.02,40,1,0,138,227,215,0
0.185,55,0,1,49,2513,690,0
0.12,36,1,0,178,399,320,0
0.475,21,0,0,0,0,807,1
0.556,7,1,0,1,110,2765,1
0.357,7,1,0,2,49,1386,1
0.846,4,0,1,0,63,2278,1
0.07,69,0,1,110,49,386,0
0.194,58,0,1,209,160,335,0
0.847,3,0,1,10,156,1618,1
0.069,79,0,1,150,71,143,0
0.697,9,1,0,7,3,1778,1
0.813,4,0,0,1,83,954,1
0.764,2,0,1,2,50,1565,1
0.031,39,1,0,227,191,374,0
0.522,5,1,1,0,62,1224,1
0.616,34,0,0,3,33,787,1
0.753,9,1,0,5,141,1393,1
0.133,52,0,1,164,486,158,0
0.046,53,0,0,317,1385,467,0
0.428,53,0,0,0,42,1204,1
0.196,74,0,0,347,229,368,0
0.119,75,0,1,165,1745,0,0
0.036,45,0,1,225,552,310,0
0.001,43,0,1,41,2127,459,0
0.003,57,1,0,107,179,0,0
0.058,29,0,1,48,118,308,0
0.11,42,1,1,33,1845,644,0
0.07,27,0,0,106,282,453,0
0.044,55,0,1,101,56,518,0
0.041,61,0,0,205,8787,521,0
0.784,0,0,0,2,202,1736,1
0.699,47,0,1,1,228,1529,1
0.159,25,0,0,146,587,283,0
0.805,15,0,0,4,0,1567,1
0.301,14,0,0,5,2,1076,1
0.116,40,1,1,113,291,372,0
0.189,34,0,0,172,113,619,0
0.172,77,0,0,247,61,527,0
0.71,15,1,0,7,14,2661,1
0.707,34,0,1,6,3,985,1
0.193,54,1,0,174,94,346,0
0.108,48,0,0,218,917,258,0
0.042,33,1,1,212,689,144,0
0.555,1,0,0,2,40,2288,1
0.635,4,0,0,2,85,2598,1
0.837,30,1,0,0,15,982,1
0.467,36,0,0,0,8,2188,1
0.172,65,1,0,42,124,537,0
0.115,45,1,0,327,640,540,0
0.162,31,0,1,317,104,197,0
0.033,14,0,1,130,1246,286,0
0.573,5,0,1,0,38,1076,1
0.776,4,0,0,5,29,2000,1
0.152,40,0,0,90,476,639,0
0.059,34,1,1,232,102,279,0
0.426,11,1,0,0,57,2229,1
0.085,80,0,1,210,1271,695,0
0.39,27,1,0,3,14,1911,1
0.028,68,1,0,129,3359,214,0
0.034,40,1,1,162,291,348,0
0.112,52,0,1,177,943,452,0
0.061,74,0,0,39,773,355,0
0.047,16,0,1,229,2411,322,0
0.037,102,1,0,171,237,311,0
0.006,27,0,0,165,205,319,0
0.825,3,0,0,4,27,2036,1
0.668,21,0,0,13,17,2180,1
0.667,2,0,0,2,9,1059,1
0.855,21,0,0,11,7,1639,1
0.779,0,1,0,2,17,687,1
0.035,61,1,0,139,141,772,0
0.112,52,0,1,116,181,531,0
0.494,9,0,0,4,17,1562,1
0.192,46,0,1,166,71,464,0
0.86,3,0,0,2,5,981,1
0.511,2,0,0,1,53,1410,1
0.038,65,0,1,8,11925,366,0
0.056,26,1,1,153,111,308,0
0.175,21,0,0,210,167,284,0
0.43,6,1,0,2,36,2628,1
0.156,29,0,1,98,1053,471,0
0.523,1,1,0,4,54,790,1
0.753,24,0,0,0,4,1611,1
0.504,5,1,1,5,36,1081,1
0.099,44,1,1,295,6775,509,0
0.178,61,0,1,149,2428,703,0
0.334,10,1,0,2,140,746,1
0.086,33,0,1,0,289,678,0
0.163,8,1,1,193,149,417,0
0.034,30,1,0,51,118,578,0
0.486,11,0,1,0,29,1674,1
0.475,8,0,1,11,20,2025,1
0.2,40,0,0,201,4595,296,0
0.675,4,0,1,8,19,1764,1
0.037,34,0,0,127,1016,397,0
0.005,46,1,1,209,319,552,0
0.073,58,0,1,176,58,667,0
0.036,65,1,1,163,2402,469,0
0.649,30,1,0,3,0,1468,1
0.324,3,0,0,1,22,1060,1
0.325,16,0,0,5,87,1412,1
0.086,58,1,0,163,80,496,0
0.112,50,1,0,188,468,295,0
0.055,67,0,0,84,367,443,0
0.661,14,0,1,5,25,1376,1
0.109,55,1,1,201,1994,245,0
0.59,18,0,0,2,173,1233,1
0.717,7,0,0,0,5,1274,1
0.423,5,0,1,6,50,499,1
0.532,35,1,0,1,37,1433,1
0.649,11,0,0,15,11,1069,1
0.693,0,0,0,0,1,1622,1
0.141,25,0,1,192,68,753,0
0.199,29,1,0,72,288,466,0
0.867,14,0,1,1,2,1217,1
0.301,6,0,0,0,6,2674,1
0.109,68,0,0,137,174,452,0
0.716,11,0,0,9,12,838,1
0.741,21,0,0,3,4,1509,1
0.17,22,0,1,107,1934,424,0
0.635,28,1,0,2,10,1124,1
0.303,10,0,1,3,124,2028,1
0.389,29,0,0,1,130,1698,1
0.006,11,1,1,111,90,19,0
0.196,55,0,0,167,4558,268,0
0.022,74,0,1,124,1963,588,0
0.705,6,0,0,3,65,528,1
0.476,3,0,0,2,1,1146,1
0.037,33,1,1,265,885,418,0
0.313,20,1,1,0,19,1681,1
0.727,5,0,0,2,96,913,1
0.763,1,0,0,4,157,1378,1
0.475,4,0,0,3,0,1981,1
0.494,3,1,1,2,4,756,1
0.107,51,1,1,216,10265,12,0
0.576,3,0,0,0,11,1563,1
0.096,53,1,0,246,38,823,0
0.695,0,0,0,1,162,1218,1
0.102,31,1,0,213,771,220,0
0.514,26,0,0,5,41,706,1
0.087,22,0,1,168,270,489,0
0.821,15,0,1,0,297,1306,1
0.051,64,0,0,2,85,181,0
0.808,25,0,1,1,0,1697,1
0.124,95,1,1,5,2789,531,0
0.35,2,0,0,2,18,895,1
0.125,58,0,0,36,137,438,0
0.096,24,0,0,101,14,231,0
0.689,32,0,1,0,12,866,1
0.322,2,1,0,0,160,1668,1
0.187,60,0,1,226,727,283,0
0.765,4,0,0,13,17,2063,1
0.104,59,0,1,139,297,624,0
0.076,56,1,0,169,274,577,0
0.115,41,1,1,194,2434,342,0
0.312,1,1,0,18,10,2149,1
0.132,35,0,1,103,987,163,0
0.119,46,0,0,103,386,454,0
0.557,30,0,0,4,4,1199,1
0.769,71,0,0,1,28,1390,1
0.459,8,0,0,13,4,1617,1
0.522,18,0,0,0,2,2202,1
0.067,54,0,0,0,15419,374,0
0.054,54,0,0,260,526,294,0
0.11,66,0,1,0,42,325,0
0.05,12,0,1,98,1491,613,0
0.332,32,0,0,4,40,1455,1
0.172,44,0,1,75,1038,281,0
0.08,61,0,1,79,306,289,0
0.661,12,0,0,1,30,1523,1
0.108,64,1,0,200,391,218,0
0.027,59,0,1,106,43,0,0
0.111,27,0,0,137,48,322,0
0.03,49,0,1,108,45,594,0
0.065,52,0,0,102,634,338,0
0.007,49,0,0,182,2099,0,0
0.598,0,1,1,1,6,937,1
0.386,16,0,1,6,29,2278,1
0.103,68,0,1,351,1344,699,0
0.129,65,0,1,0,254,477,0
0.517,7,0,0,7,14,1537,1
0.122,44,1,0,344,943,338,0
0.172,44,1,1,100,1450,344,0
0.091,57,1,1,133,3693,412,0
0.408,12,1,0,7,33,1714,1
0.017,28,1,0,104,242,419,0
0.745,10,0,0,4,14,1601,1
0.195,42,0,1,283,304,354,0
0.427,12,0,0,0,31,1095,1
0.432,44,1,1,8,10,1860,1
0.042,24,1,1,37,116,518,0
0.846,26,0,1,1,4,2135,1
0.019,75,0,1,266,1559,211,0
0.441,3,0,0,8,10,1081,1
0.093,49,0,1,117,374,694,0
0.017,79,0,1,202,944,532,0
0.782,31,1,0,4,78,1014,1
0.045,32,1,0,236,2042,232,0
0.126,33,1,1,233,518,685,0
0.376,7,0,0,0,81,1436,1
0.002,31,0,0,96,356,58,0
0.131,48,0,1,142,4143,77,0
0.445,10,0,0,3,25,1706,1
0.896,7,0,1,8,31,1101,1
0.147,50,0,0,41,84,358,0
0.14,84,0,0,0,585,408,0
0.358,5,1,0,10,37,663,1
0.478,5,1,1,5,80,1097,1
0.051,34,1,0,373,1430,463,0
0.541,1,0,0,5,150,13,1
0.131,24,0,0,173,974,618,0
0.168,65,0,1,333,845,206,0
0.193,54,0,0,194,2377,411,0
0.075,74,1,0,109,903,588,0
0.095,53,1,1,178,512,146,0
0.329,4,0,0,1,1,1396,1
0.322,26,0,0,11,3,1525,1
0.41,17,0,0,9,8,1604,1
0.467,1,0,0,12,4,2052,1
0.18,0,1,1,132,131,133,0
0.055,76,0,1,5,468,710,0
0.179,55,1,0,0,1782,224,0
0.192,30,0,0,86,235,147,0
0.517,29,0,1,3,25,1689,1
0.15,46,1,1,367,3521,65,0
0.1,45,1,0,185,641,332,0
0.466,6,0,0,2,53,1410,1
0.789,32,0,0,7,17,1059,1
0.545,11,0,0,0,49,1204,1
0.415,36,0,0,2,55,1386,1
0.118,60,0,1,107,561,391,0
0.154,50,0,1,202,1933,277,0
0.426,11,0,0,13,7,2110,1
0.024,84,0,1,202,178,361,0
0.15,23,0,0,208,436,128,0
0.194,13,1,1,191,437,531,0
0.72,19,0,0,7,17,1657,1
0.113,64,0,1,92,64,480,0
0.625,4,0,0,0,213,1529,1
0.074,46,1,0,268,1552,261,0
0.131,56,0,0,0,21,770,0
0.062,44,0,0,215,6054,665,0
0.622,9,0,0,5,17,1013,1
0.028,58,1,0,48,877,266,0
0.799,31,0,1,0,5,1634,1
0.342,10,0,0,10,9,1242,1
0.511,22,0,0,8,134,1316,1
0.117,65,0,0,121,160,330,0
0.112,66,0,0,33,6537,396,0
0.163,35,0,0,195,166,497,0
0.094,83,1,1,199,847,275,0
0.819,39,0,0,15,16,2556,1
0.824,7,0,0,0,14,2450,1
0.892,8,0,0,3,36,1445,1
0.002,56,0,1,91,350,436,0
0.606,2,1,1,9,28,1323,1
0.008,54,1,0,143,2308,484,0
0.85,5,1,0,0,28,1718,1
0.166,75,1,0,139,255,524,0
0.1,25,0,0,121,174,293,0
0.593,23,0,1,5,58,1204,1
0.714,1,1,1,1,73,2480,1
0.308,3,0,1,7,84,1500,1
0.723,2,0,0,1,32,1405,1
0.131,43,0,0,115,183,126,0
0.692,8,0,1,0,2,2088,1
0.892,32,0,0,1,8,2417,1
0.383,2,0,0,1,162,1609,1
0.074,50,0,0,117,262,142,0
0.073,43,0,0,65,56,369,0
0.89,5,1,1,15,78,1066,1
0.132,55,1,1,147,751,461,0
0.724,21,0,1,8,92,896,1
0.007,71,1,1,70,202,469,0
0.163,56,1,0,157,12992,557,0
0.006,50,1,0,142,186,303,0
0.008,50,1,1,326,19,492,0
0.435,14,0,1,4,174,2127,1
0.418,45,0,0,0,23,1878,1
0.324,11,0,1,11,1,1993,1
0.172,45,1,0,214,58,650,0
0.494,8,0,1,2,25,1495,1
0.627,47,1,0,3,177,1987,1
0.523,6,0,0,6,73,1802,1
0.117,44,0,1,119,1836,571,0
0.195,50,0,0,161,120,392,0
0.015,45,0,0,104,885,563,0
0.748,3,0,1,2,72,1310,1
0.567,6,0,1,11,2,1242,1
0.581,32,0,1,4,136,1513,1
0.151,45,0,0,115,2,281,0
0.191,78,1,1,116,391,106,0
0.509,7,0,1,3,37,2274,1
0.03,48,1,0,111,1391,592,0
0.037,16,0,0,186,15,665,0
0.131,89,0,0,208,777,284,0
0.1,19,0,1,144,137,362,0
0.389,63,1,1,2,10,2134,1
0.188,73,0,0,160,412,467,0
0.028,48,0,0,0,3363,317,0
0.071,33,1,1,168,566,659,0
0.097,42,0,1,128,738,502,0
0.679,10,0,0,9,56,1670,1
0.831,4,0,1,3,110,2439,1
0.069,66,0,1,121,64,216,0
0.131,37,1,1,207,167,236,0
0.082,69,0,1,289,1031,673,0
0.157,65,1,1,115,43,448,0
0.108,79,0,1,55,2354,626,0
0.043,37,0,0,259,71,425,0
0.632,15,0,0,10,5,1232,1
0.007,59,0,1,249,275,316,0
0.73,1,0,0,2,71,1510,1
0.873,6,1,0,8,53,1197,1
0.026,31,0,0,152,262,563,0
0.604,11,0,0,0,26,1572,1
0.332,11,0,0,0,134,2072,1
0.357,6,0,1,9,43,710,1
0.612,40,1,1,0,8,1729,1
0.311,0,1,1,2,110,2480,1
0.656,24,0,0,2,30,1025,1
0.198,52,0,0,400,6064,698,0
0.61,14,0,0,4,107,1334,1
0.31,7,1,0,3,199,2254,1
0.801,20,0,0,3,97,16,1
0.179,20,1,1,360,110,415,0
0.856,9,0,0,5,11,1245,1
0.037,66,0,1,160,130,568,0
0.703,52,0,0,3,13,1230,1
0.118,12,0,0,0,17,455,0
0.0,27,0,0,54,7539,415,0
0.678,24,0,0,8,27,1214,1
0.551,21,0,0,1,22,2381,1
0.046,76,1,0,185,419,426,0
0.54,27,0,1,1,31,1506,1
0.137,72,0,1,208,32,474,0
0.146,35,0,1,50,287,137,0
0.083,43,0,1,202,3084,299,0
0.116,60,0,0,134,1703,446,0
0.094,60,0,1,27,493,396,0
0.382,2,0,0,6,82,1441,1
0.091,39,0,0,150,4928,461,0
0.121,31,1,0,123,465,745,0
0.743,35,1,0,3,15,1464,1
0.026,64,0,0,439,482,289,0
0.866,22,1,0,7,33,1395,1
0.421,1,0,0,31,2,633,1
0.48,12,0,1,2,44,435,1
0.143,18,0,1,300,2934,289,0
0.086,31,1,1,0,44,392,0
0.033,51,0,0,93,2018,573,0
0.455,6,1,0,7,30,1822,1
0.134,64,1,1,1,794,685,0
0.691,2,0,0,1,34,1219,1
0.149,33,0,0,162,772,79,0
0.602,3,0,0,20,31,2437,1
0.039,52,1,0,120,545,328,0
0.131,63,0,0,196,506,646,0
0.077,58,0,1,248,10,671,0
0.65,2,0,0,3,102,1943,1
0.766,1,1,0,6,7,927,1
0.088,64,0,0,130,255,459,0
0.006,37,1,0,205,54,280,0
0.505,1,0,0,3,24,1515,1
0.371,4,0,1,0,45,912,1
0.684,9,0,0,3,18,1162,1
0.112,36,0,1,144,329,256,0
0.65,2,0,1,11,0,1787,1
0.134,40,1,0,288,7537,403,0
0.666,3,0,0,3,97,1228,1
0.068,42,0,0,176,1322,285,0
0.726,59,0,0,6,376,1992,1
0.863,1,0,1,15,11,1895,1
0.602,17,0,0,1,20,2137,1
0.57,10,0,0,0,10,223,1
0.649,23,0,0,6,18,1508,1
0.065,50,0,1,202,160,342,0
0.704,8,0,0,4,193,1504,1
0.344,5,0,0,2,85,2566,1
0.613,8,0,0,2,79,1834,1
0.153,51,1,0,238,18381,742,0
0.816,1,0,0,10,139,1296,1
0.166,31,1,0,222,550,209,0
0.575,7,0,0,0,255,1456,1
0.626,9,1,0,1,82,1903,1
0.054,37,0,1,211,135,527,0
0.77,2,1,0,5,89,1606,1
0.115,93,0,0,95,53,518,0
0.016,76,0,0,78,5443,185,0
0.514,49,1,1,12,29,2335,1
0.139,55,1,1,201,1486,181,0
0.771,34,0,0,2,228,2100,1
0.587,3,0,0,0,46,1074,1
0.002,60,0,1,199,3730,540,0
0.01,66,1,0,353,1249,260,0
0.187,49,0,1,275,464,238,0
0.141,48,0,0,114,2229,103,0
0.673,0,0,0,12,24,1674,1
0.759,13,1,0,1,109,1443,1
0.08,49,0,1,135,8322,422,0
0.805,19,1,0,10,19,1336,1
0.308,27,1,0,1,14,1972,1
0.39,26,0,1,12,27,1460,1
0.519,24,0,0,4,8,1308,1
0.186,58,0,1,52,71,617,0
0.111,33,1,0,257,1369,337,0
0.59,6,0,0,1,61,954,1
0.187,90,0,1,267,1343,100,0
0.196,81,0,0,216,360,416,0
0.103,30,0,0,378,164,34,0
0.515,12,0,1,3,10,2054,1
0.313,17,0,0,8,23,1465,1
0.476,26,0,1,4,67,1773,1
0.014,76,0,0,183,5004,138,0
0.668,19,0,1,9,4,1740,1
0.506,17,0,0,4,26,2110,1
0.082,41,0,0,47,3403,435,0
0.807,21,0,0,1,17,1741,1
0.767,33,0,0,0,2,1179,1
0.122,5,0,1,250,223,182,0
0.16,52,1,1,62,422,533,0
0.019,55,0,1,242,57,873,0
0.549,5,0,1,6,55,1928,1
0.686,4,0,1,3,18,2056,1
0.851,34,1,1,3,12,1224,1
0.16,36,0,1,64,106,308,0
0.091,53,1,0,252,607,159,0
0.578,16,0,1,14,25,1622,1
0.366,5,0,0,0,1,791,1
0.131,80,1,0,231,141,320,0
0.169,34,0,1,214,2815,480,0
0.053,62,1,1,84,8968,742,0
0.147,33,1,0,19,6247,483,0
0.9,8,0,1,8,65,510,1
0.122,41,1,1,132,98,482,0
0.707,7,0,0,0,89,1484,1
0.752,9,0,1,1,14,1258,1
0.386,0,0,1,1,65,1753,1
0.05,54,0,0,145,152,333,0
0.098,79,1,1,56,463,327,0
0.011,80,0,1,246,1242,62,0
0.183,69,0,0,95,1307,555,0
0.773,39,0,0,11,9,1664,1
0.017,89,0,1,195,1285,384,0
0.06,97,0,0,0,37,420,0
0.63,1,1,0,9,0,1232,1
0.176,76,0,0,72,5865,366,0
0.536,3,0,1,12,23,363,1
0.454,20,0,0,2,62,1551,1
0.851,16,0,1,5,3,2142,1
0.488,7,1,1,5,15,1414,1
0.37,0,0,0,4,3,1380,1
0.679,14,0,0,2,5,1363,1
0.436,34,1,0,12,51,1647,1
0.452,7,0,0,1,20,1176,1
0.068,21,1,0,130,173,156,0
0.176,14,0,0,145,94,367,0
0.028,41,0,1,121,113,686,0
0.136,56,0,0,165,683,675,0
0.35,4,0,0,1,3,1039,1
0.09,71,0,1,239,502,541,0
0.835,12,1,0,2,2,1496,1
0.118,68,0,0,224,867,196,0
0.032,46,0,1,178,213,392,0
0.099,19,0,0,205,237,567,0
0.495,0,0,0,3,119,1501,1
0.063,39,0,1,213,88,434,0
0.86,0,0,1,4,16,409,1
0.539,17,1,0,0,19,1114,1
0.044,32,0,0,84,129,354,0
0.167,53,0,0,275,627,466,0
0.186,54,0,0,150,398,175,0
0.323,5,1,0,2,1,774,1
0.074,39,1,0,79,1028,84,0
0.385,4,0,0,5,33,1332,1
0.492,2,1,1,3,38,1111,1
0.012,78,0,0,177,70,681,0
0.109,2,1,1,125,7035,421,0
0.813,9,1,0,0,53,1693,1
0.499,58,0,1,3,46,2592,1
0.536,50,0,1,0,42,1986,1
0.181,67,0,0,101,386,256,0
0.613,7,0,0,2,229,1477,1
0.042,55,1,1,152,396,502,0
0.718,1,0,1,3,60,1073,1
0.825,9,0,1,2,69,1924,1
0.11,73,0,0,104,3099,126,0
0.853,2,0,1,7,37,2172,1
0.168,63,1,0,144,302,373,0
0.138,48,0,0,200,35,377,0
0.459,1,0,0,4,14,1565,1
0.049,55,1,1,269,363,428,0
0.119,32,1,1,308,10,371,0
0.583,28,0,0,3,0,1158,1
0.094,72,1,0,116,75,260,0
0.2,26,1,1,131,861,198,0
0.166,34,1,0,162,11,599,0
0.528,35,0,1,13,119,1536,1
0.011,47,0,1,5,52,357,0
0.836,50,0,0,7,59,1907,1
0.885,12,0,0,4,28,1347,1
0.06,48,0,1,140,4496,701,0
0.078,73,0,1,121,7776,240,0
0.01,68,1,1,191,956,67,0
0.57,12,0,1,12,29,1146,1
0.137,41,0,1,266,3110,282,0
0.186,51,1,1,331,654,431,0
0.153,39,1,1,134,650,182,0
0.194,75,0,0,0,129,220,0
0.143,57,1,1,113,1667,439,0
0.327,43,0,1,0,86,482,1
0.391,0,0,0,6,40,2341,1
0.1,43,1,0,169,49,0,0
0.135,27,1,0,53,29,357,0
0.01,43,1,1,102,5244,152,0
0.156,57,1,1,37,2684,686,0
0.857,14,0,0,1,37,1138,1
0.035,21,1,1,240,55,370,0
0.688,73,0,0,0,19,1764,1
0.807,4,0,0,11,34,1243,1
0.131,86,0,0,32,2401,751,0
0.476,2,0,0,4,122,1505,1
0.558,19,0,0,10,120,799,1
0.875,22,1,0,1,0,1663,1
0.412,15,0,1,5,175,1577,1
0.069,61,0,0,0,1570,566,0
0.149,56,0,0,0,86,434,0
0.348,21,0,1,3,203,1560,1
0.07,37,1,0,214,211,384,0
0.078,49,1,0,84,347,696,0
0.083,60,0,0,104,222,954,0
0.19,15,0,1,324,28678,344,0
0.008,57,1,0,243,40,335,0
0.589,9,1,0,15,43,896,1
0.159,20,1,1,0,137,274,0
0.099,44,1,1,216,666,691,0
0.08,51,1,0,189,68,566,0
